<Objs Version="1.1.0.1" xmlns="http://schemas.microsoft.com/powershell/2004/04">
  <Obj RefId="0">
    <TN RefId="0">
      <T>Microsoft.PowerShell.Commands.PSRepositoryItemInfo</T>
      <T>System.Management.Automation.PSCustomObject</T>
      <T>System.Object</T>
    </TN>
    <MS>
      <S N="Name">AWS.Tools.EC2</S>
      <S N="Version">4.1.320</S>
      <S N="Type">Module</S>
      <S N="Description">The EC2 module of AWS Tools for PowerShell lets developers and administrators manage Amazon Elastic Compute Cloud (EC2) from the PowerShell scripting environment. In order to manage each AWS service, install the corresponding module (e.g. AWS.Tools.EC2, AWS.Tools.S3...)._x000D__x000A_The module AWS.Tools.Installer (https://www.powershellgallery.com/packages/AWS.Tools.Installer/) makes it easier to install, update and uninstall the AWS.Tools modules._x000D__x000A_This version of AWS Tools for PowerShell is compatible with Windows PowerShell 5.1+ and PowerShell Core 6+ on Windows, Linux and macOS. When running on Windows PowerShell, .NET Framework 4.7.2 or newer is required. Alternative modules AWSPowerShell.NetCore and AWSPowerShell, provide support for all AWS services from a single module and also support older versions of Windows PowerShell and .NET Framework.</S>
      <S N="Author">Amazon.com Inc</S>
      <S N="CompanyName">aws-dotnet-sdk-team</S>
      <S N="Copyright">Copyright 2012-2023 Amazon.com, Inc. or its affiliates. All Rights Reserved.</S>
      <DT N="PublishedDate">2023-04-25T22:33:43-04:00</DT>
      <Nil N="InstalledDate" />
      <Nil N="UpdatedDate" />
      <URI N="LicenseUri">https://aws.amazon.com/apache-2-0/</URI>
      <URI N="ProjectUri">https://github.com/aws/aws-tools-for-powershell</URI>
      <URI N="IconUri">https://sdk-for-net.amazonwebservices.com/images/AWSLogo128x128.png</URI>
      <Obj N="Tags" RefId="1">
        <TN RefId="1">
          <T>System.Object[]</T>
          <T>System.Array</T>
          <T>System.Object</T>
        </TN>
        <LST>
          <S>AWS</S>
          <S>cloud</S>
          <S>Windows</S>
          <S>PSEdition_Desktop</S>
          <S>PSEdition_Core</S>
          <S>Linux</S>
          <S>MacOS</S>
          <S>Mac</S>
          <S>PSModule</S>
        </LST>
      </Obj>
      <Obj N="Includes" RefId="2">
        <TN RefId="2">
          <T>System.Collections.Hashtable</T>
          <T>System.Object</T>
        </TN>
        <DCT>
          <En>
            <S N="Key">Cmdlet</S>
            <Obj N="Value" RefId="3">
              <TNRef RefId="1" />
              <LST>
                <S>Add-EC2CapacityReservation</S>
                <S>Add-EC2ClassicLinkVpc</S>
                <S>Add-EC2InternetGateway</S>
                <S>Add-EC2NetworkInterface</S>
                <S>Add-EC2SecurityGroupToClientVpnTargetNetwork</S>
                <S>Add-EC2Volume</S>
                <S>Add-EC2VpnGateway</S>
                <S>Approve-EC2AddressTransfer</S>
                <S>Approve-EC2EndpointConnection</S>
                <S>Approve-EC2ReservedInstancesExchangeQuote</S>
                <S>Approve-EC2TransitGatewayMulticastDomainAssociation</S>
                <S>Approve-EC2TransitGatewayPeeringAttachment</S>
                <S>Approve-EC2TransitGatewayVpcAttachment</S>
                <S>Approve-EC2VpcPeeringConnection</S>
                <S>Confirm-EC2ProductInstance</S>
                <S>Copy-EC2FpgaImage</S>
                <S>Copy-EC2Image</S>
                <S>Copy-EC2Snapshot</S>
                <S>Deny-EC2EndpointConnection</S>
                <S>Deny-EC2TransitGatewayMulticastDomainAssociation</S>
                <S>Deny-EC2TransitGatewayPeeringAttachment</S>
                <S>Deny-EC2TransitGatewayVpcAttachment</S>
                <S>Deny-EC2VpcPeeringConnection</S>
                <S>Disable-EC2AddressTransfer</S>
                <S>Disable-EC2AwsNetworkPerformanceMetricSubscription</S>
                <S>Disable-EC2EbsEncryptionByDefault</S>
                <S>Disable-EC2FastLaunch</S>
                <S>Disable-EC2FastSnapshotRestore</S>
                <S>Disable-EC2ImageDeprecation</S>
                <S>Disable-EC2IpamOrganizationAdminAccount</S>
                <S>Disable-EC2SerialConsoleAccess</S>
                <S>Disable-EC2TransitGatewayRouteTablePropagation</S>
                <S>Disable-EC2VgwRoutePropagation</S>
                <S>Disable-EC2VpcClassicLink</S>
                <S>Disable-EC2VpcClassicLinkDnsSupport</S>
                <S>Dismount-EC2ClassicLinkVpc</S>
                <S>Dismount-EC2InternetGateway</S>
                <S>Dismount-EC2NetworkInterface</S>
                <S>Dismount-EC2VerifiedAccessTrustProvider</S>
                <S>Dismount-EC2Volume</S>
                <S>Dismount-EC2VpnGateway</S>
                <S>Edit-EC2AddressAttribute</S>
                <S>Edit-EC2AvailabilityZoneGroup</S>
                <S>Edit-EC2CapacityReservation</S>
                <S>Edit-EC2CapacityReservationFleet</S>
                <S>Edit-EC2ClientVpnEndpoint</S>
                <S>Edit-EC2DefaultCreditSpecification</S>
                <S>Edit-EC2EbsDefaultKmsKeyId</S>
                <S>Edit-EC2EndpointServicePermission</S>
                <S>Edit-EC2Fleet</S>
                <S>Edit-EC2FpgaImageAttribute</S>
                <S>Edit-EC2Host</S>
                <S>Edit-EC2IdentityIdFormat</S>
                <S>Edit-EC2IdFormat</S>
                <S>Edit-EC2ImageAttribute</S>
                <S>Edit-EC2InstanceAttribute</S>
                <S>Edit-EC2InstanceCapacityReservationAttribute</S>
                <S>Edit-EC2InstanceCreditSpecification</S>
                <S>Edit-EC2InstanceEventStartTime</S>
                <S>Edit-EC2InstanceEventWindow</S>
                <S>Edit-EC2InstanceMaintenanceOption</S>
                <S>Edit-EC2InstanceMetadataOption</S>
                <S>Edit-EC2InstancePlacement</S>
                <S>Edit-EC2Ipam</S>
                <S>Edit-EC2IpamPool</S>
                <S>Edit-EC2IpamResourceCidr</S>
                <S>Edit-EC2IpamResourceDiscovery</S>
                <S>Edit-EC2IpamScope</S>
                <S>Edit-EC2LaunchTemplate</S>
                <S>Edit-EC2LocalGatewayRoute</S>
                <S>Edit-EC2ManagedPrefixList</S>
                <S>Edit-EC2NetworkInterfaceAttribute</S>
                <S>Edit-EC2PrivateDnsNameOption</S>
                <S>Edit-EC2ReservedInstance</S>
                <S>Edit-EC2SecurityGroupRule</S>
                <S>Edit-EC2SnapshotAttribute</S>
                <S>Edit-EC2SnapshotTier</S>
                <S>Edit-EC2SpotFleetRequest</S>
                <S>Edit-EC2SubnetAttribute</S>
                <S>Edit-EC2TrafficMirrorFilterNetworkService</S>
                <S>Edit-EC2TrafficMirrorFilterRule</S>
                <S>Edit-EC2TrafficMirrorSession</S>
                <S>Edit-EC2TransitGateway</S>
                <S>Edit-EC2TransitGatewayPrefixListReference</S>
                <S>Edit-EC2TransitGatewayVpcAttachment</S>
                <S>Edit-EC2VerifiedAccessEndpoint</S>
                <S>Edit-EC2VerifiedAccessEndpointPolicy</S>
                <S>Edit-EC2VerifiedAccessGroup</S>
                <S>Edit-EC2VerifiedAccessGroupPolicy</S>
                <S>Edit-EC2VerifiedAccessInstance</S>
                <S>Edit-EC2VerifiedAccessInstanceLoggingConfiguration</S>
                <S>Edit-EC2VerifiedAccessTrustProvider</S>
                <S>Edit-EC2Volume</S>
                <S>Edit-EC2VolumeAttribute</S>
                <S>Edit-EC2VpcAttribute</S>
                <S>Edit-EC2VpcEndpoint</S>
                <S>Edit-EC2VpcEndpointConnectionNotification</S>
                <S>Edit-EC2VpcEndpointServiceConfiguration</S>
                <S>Edit-EC2VpcEndpointServicePayerResponsibility</S>
                <S>Edit-EC2VpcPeeringConnectionOption</S>
                <S>Edit-EC2VpcTenancy</S>
                <S>Edit-EC2VpnConnection</S>
                <S>Edit-EC2VpnConnectionOption</S>
                <S>Edit-EC2VpnTunnelCertificate</S>
                <S>Edit-EC2VpnTunnelOption</S>
                <S>Enable-EC2AddressTransfer</S>
                <S>Enable-EC2AwsNetworkPerformanceMetricSubscription</S>
                <S>Enable-EC2EbsEncryptionByDefault</S>
                <S>Enable-EC2FastLaunch</S>
                <S>Enable-EC2FastSnapshotRestore</S>
                <S>Enable-EC2ImageDeprecation</S>
                <S>Enable-EC2IpamOrganizationAdminAccount</S>
                <S>Enable-EC2ReachabilityAnalyzerOrganizationSharing</S>
                <S>Enable-EC2SerialConsoleAccess</S>
                <S>Enable-EC2TransitGatewayRouteTablePropagation</S>
                <S>Enable-EC2VgwRoutePropagation</S>
                <S>Enable-EC2VolumeIO</S>
                <S>Enable-EC2VpcClassicLink</S>
                <S>Enable-EC2VpcClassicLinkDnsSupport</S>
                <S>Export-EC2ClientVpnClientCertificateRevocationList</S>
                <S>Export-EC2ClientVpnClientConfiguration</S>
                <S>Export-EC2Image</S>
                <S>Export-EC2TransitGatewayRoute</S>
                <S>Get-EC2AccountAttribute</S>
                <S>Get-EC2Address</S>
                <S>Get-EC2AddressesAttribute</S>
                <S>Get-EC2AddressTransfer</S>
                <S>Get-EC2AggregateIdFormat</S>
                <S>Get-EC2AssociatedEnclaveCertificateIamRole</S>
                <S>Get-EC2AssociatedIpv6PoolCidr</S>
                <S>Get-EC2AvailabilityZone</S>
                <S>Get-EC2AwsNetworkPerformanceData</S>
                <S>Get-EC2AwsNetworkPerformanceMetricSubscription</S>
                <S>Get-EC2BundleTask</S>
                <S>Get-EC2ByoipCidr</S>
                <S>Get-EC2CapacityReservation</S>
                <S>Get-EC2CapacityReservationFleet</S>
                <S>Get-EC2CapacityReservationUsage</S>
                <S>Get-EC2CarrierGateway</S>
                <S>Get-EC2ClassicLinkInstance</S>
                <S>Get-EC2ClientVpnAuthorizationRule</S>
                <S>Get-EC2ClientVpnConnection</S>
                <S>Get-EC2ClientVpnEndpoint</S>
                <S>Get-EC2ClientVpnRoute</S>
                <S>Get-EC2ClientVpnTargetNetwork</S>
                <S>Get-EC2CoipPool</S>
                <S>Get-EC2CoipPoolUsage</S>
                <S>Get-EC2ConsoleOutput</S>
                <S>Get-EC2ConsoleScreenshot</S>
                <S>Get-EC2CreditSpecification</S>
                <S>Get-EC2CustomerGateway</S>
                <S>Get-EC2DefaultCreditSpecification</S>
                <S>Get-EC2DhcpOption</S>
                <S>Get-EC2EbsDefaultKmsKeyId</S>
                <S>Get-EC2EbsEncryptionByDefault</S>
                <S>Get-EC2EgressOnlyInternetGatewayList</S>
                <S>Get-EC2ElasticGpu</S>
                <S>Get-EC2EndpointConnection</S>
                <S>Get-EC2EndpointConnectionNotification</S>
                <S>Get-EC2EndpointServiceConfiguration</S>
                <S>Get-EC2EndpointServicePermission</S>
                <S>Get-EC2ExportImageTask</S>
                <S>Get-EC2ExportTask</S>
                <S>Get-EC2FastLaunchImage</S>
                <S>Get-EC2FastSnapshotRestore</S>
                <S>Get-EC2FleetHistory</S>
                <S>Get-EC2FleetInstanceList</S>
                <S>Get-EC2FleetList</S>
                <S>Get-EC2FlowLog</S>
                <S>Get-EC2FlowLogsIntegrationTemplate</S>
                <S>Get-EC2FpgaImage</S>
                <S>Get-EC2FpgaImageAttribute</S>
                <S>Get-EC2GroupsForCapacityReservation</S>
                <S>Get-EC2Host</S>
                <S>Get-EC2HostReservation</S>
                <S>Get-EC2HostReservationOffering</S>
                <S>Get-EC2HostReservationPurchasePreview</S>
                <S>Get-EC2IamInstanceProfileAssociation</S>
                <S>Get-EC2IdentityIdFormat</S>
                <S>Get-EC2IdFormat</S>
                <S>Get-EC2Image</S>
                <S>Get-EC2ImageAttribute</S>
                <S>Get-EC2ImageByName</S>
                <S>Get-EC2ImagesInRecycleBinList</S>
                <S>Get-EC2ImportImageTask</S>
                <S>Get-EC2ImportSnapshotTask</S>
                <S>Get-EC2Instance</S>
                <S>Get-EC2InstanceAttribute</S>
                <S>Get-EC2InstanceEventNotificationAttribute</S>
                <S>Get-EC2InstanceEventWindow</S>
                <S>Get-EC2InstanceMetadata</S>
                <S>Get-EC2InstanceStatus</S>
                <S>Get-EC2InstanceType</S>
                <S>Get-EC2InstanceTypeOffering</S>
                <S>Get-EC2InstanceTypesFromInstanceRequirement</S>
                <S>Get-EC2InstanceUefiData</S>
                <S>Get-EC2InternetGateway</S>
                <S>Get-EC2Ipam</S>
                <S>Get-EC2IpamAddressHistory</S>
                <S>Get-EC2IpamDiscoveredAccount</S>
                <S>Get-EC2IpamDiscoveredResourceCidr</S>
                <S>Get-EC2IpamPool</S>
                <S>Get-EC2IpamPoolAllocation</S>
                <S>Get-EC2IpamPoolCidr</S>
                <S>Get-EC2IpamResourceCidr</S>
                <S>Get-EC2IpamResourceDiscovery</S>
                <S>Get-EC2IpamResourceDiscoveryAssociation</S>
                <S>Get-EC2IpamScope</S>
                <S>Get-EC2Ipv6Pool</S>
                <S>Get-EC2KeyPair</S>
                <S>Get-EC2LaunchTemplateData</S>
                <S>Get-EC2LocalGateway</S>
                <S>Get-EC2LocalGatewayRouteTable</S>
                <S>Get-EC2LocalGatewayRouteTableVirtualInterfaceGroupAssociation</S>
                <S>Get-EC2LocalGatewayRouteTableVpcAssociation</S>
                <S>Get-EC2LocalGatewayVirtualInterface</S>
                <S>Get-EC2LocalGatewayVirtualInterfaceGroup</S>
                <S>Get-EC2ManagedPrefixList</S>
                <S>Get-EC2ManagedPrefixListAssociation</S>
                <S>Get-EC2ManagedPrefixListEntry</S>
                <S>Get-EC2MovingAddress</S>
                <S>Get-EC2NatGateway</S>
                <S>Get-EC2NetworkAcl</S>
                <S>Get-EC2NetworkInsightsAccessScope</S>
                <S>Get-EC2NetworkInsightsAccessScopeAnalysis</S>
                <S>Get-EC2NetworkInsightsAccessScopeAnalysisFinding</S>
                <S>Get-EC2NetworkInsightsAccessScopeContent</S>
                <S>Get-EC2NetworkInsightsAnalysis</S>
                <S>Get-EC2NetworkInsightsPath</S>
                <S>Get-EC2NetworkInterface</S>
                <S>Get-EC2NetworkInterfaceAttribute</S>
                <S>Get-EC2NetworkInterfacePermission</S>
                <S>Get-EC2PasswordData</S>
                <S>Get-EC2PlacementGroup</S>
                <S>Get-EC2PrefixList</S>
                <S>Get-EC2PrincipalIdFormat</S>
                <S>Get-EC2PublicIpv4Pool</S>
                <S>Get-EC2Region</S>
                <S>Get-EC2ReplaceRootVolumeTask</S>
                <S>Get-EC2ReservedInstance</S>
                <S>Get-EC2ReservedInstancesExchangeQuote</S>
                <S>Get-EC2ReservedInstancesListing</S>
                <S>Get-EC2ReservedInstancesModification</S>
                <S>Get-EC2ReservedInstancesOffering</S>
                <S>Get-EC2RouteTable</S>
                <S>Get-EC2ScheduledInstance</S>
                <S>Get-EC2ScheduledInstanceAvailability</S>
                <S>Get-EC2SecurityGroup</S>
                <S>Get-EC2SecurityGroupReference</S>
                <S>Get-EC2SecurityGroupRule</S>
                <S>Get-EC2SerialConsoleAccessStatus</S>
                <S>Get-EC2Snapshot</S>
                <S>Get-EC2SnapshotAttribute</S>
                <S>Get-EC2SnapshotsInRecycleBinList</S>
                <S>Get-EC2SnapshotTierStatus</S>
                <S>Get-EC2SpotDatafeedSubscription</S>
                <S>Get-EC2SpotFleetInstance</S>
                <S>Get-EC2SpotFleetRequest</S>
                <S>Get-EC2SpotFleetRequestHistory</S>
                <S>Get-EC2SpotInstanceRequest</S>
                <S>Get-EC2SpotPlacementScore</S>
                <S>Get-EC2SpotPriceHistory</S>
                <S>Get-EC2StaleSecurityGroup</S>
                <S>Get-EC2StoreImageTask</S>
                <S>Get-EC2Subnet</S>
                <S>Get-EC2SubnetCidrReservation</S>
                <S>Get-EC2Tag</S>
                <S>Get-EC2Template</S>
                <S>Get-EC2TemplateVersion</S>
                <S>Get-EC2TrafficMirrorFilter</S>
                <S>Get-EC2TrafficMirrorSession</S>
                <S>Get-EC2TrafficMirrorTarget</S>
                <S>Get-EC2TransitGateway</S>
                <S>Get-EC2TransitGatewayAttachment</S>
                <S>Get-EC2TransitGatewayAttachmentPropagation</S>
                <S>Get-EC2TransitGatewayConnect</S>
                <S>Get-EC2TransitGatewayConnectPeer</S>
                <S>Get-EC2TransitGatewayMulticastDomain</S>
                <S>Get-EC2TransitGatewayMulticastDomainAssociation</S>
                <S>Get-EC2TransitGatewayPeeringAttachment</S>
                <S>Get-EC2TransitGatewayPolicyTable</S>
                <S>Get-EC2TransitGatewayPolicyTableAssociation</S>
                <S>Get-EC2TransitGatewayPolicyTableEntry</S>
                <S>Get-EC2TransitGatewayPrefixListReference</S>
                <S>Get-EC2TransitGatewayRouteTable</S>
                <S>Get-EC2TransitGatewayRouteTableAnnouncement</S>
                <S>Get-EC2TransitGatewayRouteTableAssociation</S>
                <S>Get-EC2TransitGatewayRouteTablePropagation</S>
                <S>Get-EC2TransitGatewayVpcAttachment</S>
                <S>Get-EC2TrunkInterfaceAssociation</S>
                <S>Get-EC2VerifiedAccessEndpoint</S>
                <S>Get-EC2VerifiedAccessEndpointPolicy</S>
                <S>Get-EC2VerifiedAccessGroup</S>
                <S>Get-EC2VerifiedAccessGroupPolicy</S>
                <S>Get-EC2VerifiedAccessInstance</S>
                <S>Get-EC2VerifiedAccessInstanceLoggingConfiguration</S>
                <S>Get-EC2VerifiedAccessTrustProvider</S>
                <S>Get-EC2Volume</S>
                <S>Get-EC2VolumeAttribute</S>
                <S>Get-EC2VolumeModification</S>
                <S>Get-EC2VolumeStatus</S>
                <S>Get-EC2Vpc</S>
                <S>Get-EC2VpcAttribute</S>
                <S>Get-EC2VpcClassicLink</S>
                <S>Get-EC2VpcClassicLinkDnsSupport</S>
                <S>Get-EC2VpcEndpoint</S>
                <S>Get-EC2VpcEndpointService</S>
                <S>Get-EC2VpcPeeringConnection</S>
                <S>Get-EC2VpnConnection</S>
                <S>Get-EC2VpnConnectionDeviceSampleConfiguration</S>
                <S>Get-EC2VpnConnectionDeviceType</S>
                <S>Get-EC2VpnGateway</S>
                <S>Get-EC2VpnTunnelReplacementStatus</S>
                <S>Grant-EC2ClientVpnIngress</S>
                <S>Grant-EC2SecurityGroupEgress</S>
                <S>Grant-EC2SecurityGroupIngress</S>
                <S>Import-EC2ClientVpnClientCertificateRevocationList</S>
                <S>Import-EC2Image</S>
                <S>Import-EC2KeyPair</S>
                <S>Import-EC2Snapshot</S>
                <S>Mount-EC2VerifiedAccessTrustProvider</S>
                <S>Move-EC2AddressToVpc</S>
                <S>Move-EC2ByoipCidrToIpam</S>
                <S>New-EC2Address</S>
                <S>New-EC2CapacityReservationFleet</S>
                <S>New-EC2CarrierGateway</S>
                <S>New-EC2ClientVpnEndpoint</S>
                <S>New-EC2ClientVpnRoute</S>
                <S>New-EC2CoipCidr</S>
                <S>New-EC2CoipPool</S>
                <S>New-EC2CustomerGateway</S>
                <S>New-EC2DefaultSubnet</S>
                <S>New-EC2DefaultVpc</S>
                <S>New-EC2DhcpOption</S>
                <S>New-EC2EgressOnlyInternetGateway</S>
                <S>New-EC2Fleet</S>
                <S>New-EC2FlowLog</S>
                <S>New-EC2FpgaImage</S>
                <S>New-EC2Host</S>
                <S>New-EC2HostReservation</S>
                <S>New-EC2Image</S>
                <S>New-EC2Instance</S>
                <S>New-EC2InstanceBundle</S>
                <S>New-EC2InstanceEventWindow</S>
                <S>New-EC2InstanceExportTask</S>
                <S>New-EC2InternetGateway</S>
                <S>New-EC2Ipam</S>
                <S>New-EC2IpamPool</S>
                <S>New-EC2IpamPoolCidr</S>
                <S>New-EC2IpamResourceDiscovery</S>
                <S>New-EC2IpamScope</S>
                <S>New-EC2KeyPair</S>
                <S>New-EC2LaunchTemplate</S>
                <S>New-EC2LaunchTemplateVersion</S>
                <S>New-EC2LocalGatewayRoute</S>
                <S>New-EC2LocalGatewayRouteTable</S>
                <S>New-EC2LocalGatewayRouteTableVirtualInterfaceGroupAssociation</S>
                <S>New-EC2LocalGatewayRouteTableVpcAssociation</S>
                <S>New-EC2ManagedPrefixList</S>
                <S>New-EC2NatGateway</S>
                <S>New-EC2NetworkAcl</S>
                <S>New-EC2NetworkAclEntry</S>
                <S>New-EC2NetworkInsightsAccessScope</S>
                <S>New-EC2NetworkInsightsPath</S>
                <S>New-EC2NetworkInterface</S>
                <S>New-EC2NetworkInterfacePermission</S>
                <S>New-EC2PlacementGroup</S>
                <S>New-EC2PublicIpv4Pool</S>
                <S>New-EC2ReplaceRootVolumeTask</S>
                <S>New-EC2ReservedInstance</S>
                <S>New-EC2ReservedInstancesListing</S>
                <S>New-EC2RestoreImageTask</S>
                <S>New-EC2Route</S>
                <S>New-EC2RouteTable</S>
                <S>New-EC2ScheduledInstance</S>
                <S>New-EC2ScheduledInstancePurchase</S>
                <S>New-EC2SecurityGroup</S>
                <S>New-EC2Snapshot</S>
                <S>New-EC2SnapshotBatch</S>
                <S>New-EC2SpotDatafeedSubscription</S>
                <S>New-EC2StoreImageTask</S>
                <S>New-EC2Subnet</S>
                <S>New-EC2SubnetCidrReservation</S>
                <S>New-EC2Tag</S>
                <S>New-EC2TrafficMirrorFilter</S>
                <S>New-EC2TrafficMirrorFilterRule</S>
                <S>New-EC2TrafficMirrorSession</S>
                <S>New-EC2TrafficMirrorTarget</S>
                <S>New-EC2TransitGateway</S>
                <S>New-EC2TransitGatewayConnect</S>
                <S>New-EC2TransitGatewayConnectPeer</S>
                <S>New-EC2TransitGatewayMulticastDomain</S>
                <S>New-EC2TransitGatewayPeeringAttachment</S>
                <S>New-EC2TransitGatewayPolicyTable</S>
                <S>New-EC2TransitGatewayPrefixListReference</S>
                <S>New-EC2TransitGatewayRoute</S>
                <S>New-EC2TransitGatewayRouteTable</S>
                <S>New-EC2TransitGatewayRouteTableAnnouncement</S>
                <S>New-EC2TransitGatewayVpcAttachment</S>
                <S>New-EC2VerifiedAccessEndpoint</S>
                <S>New-EC2VerifiedAccessGroup</S>
                <S>New-EC2VerifiedAccessInstance</S>
                <S>New-EC2VerifiedAccessTrustProvider</S>
                <S>New-EC2Volume</S>
                <S>New-EC2Vpc</S>
                <S>New-EC2VpcEndpoint</S>
                <S>New-EC2VpcEndpointConnectionNotification</S>
                <S>New-EC2VpcEndpointServiceConfiguration</S>
                <S>New-EC2VpcPeeringConnection</S>
                <S>New-EC2VpnConnection</S>
                <S>New-EC2VpnConnectionRoute</S>
                <S>New-EC2VpnGateway</S>
                <S>Register-EC2Address</S>
                <S>Register-EC2ByoipCidr</S>
                <S>Register-EC2ClientVpnTargetNetwork</S>
                <S>Register-EC2DhcpOption</S>
                <S>Register-EC2EnclaveCertificateIamRole</S>
                <S>Register-EC2IamInstanceProfile</S>
                <S>Register-EC2Image</S>
                <S>Register-EC2InstanceEventNotificationAttribute</S>
                <S>Register-EC2InstanceEventWindow</S>
                <S>Register-EC2IpamPoolCidr</S>
                <S>Register-EC2IpamResourceDiscovery</S>
                <S>Register-EC2Ipv6AddressList</S>
                <S>Register-EC2NatGatewayAddress</S>
                <S>Register-EC2PrivateIpAddress</S>
                <S>Register-EC2PrivateNatGatewayAddress</S>
                <S>Register-EC2PublicIpv4PoolCidr</S>
                <S>Register-EC2RouteTable</S>
                <S>Register-EC2SubnetCidrBlock</S>
                <S>Register-EC2TransitGatewayMulticastDomain</S>
                <S>Register-EC2TransitGatewayMulticastGroupMember</S>
                <S>Register-EC2TransitGatewayMulticastGroupSource</S>
                <S>Register-EC2TransitGatewayPolicyTable</S>
                <S>Register-EC2TransitGatewayRouteTable</S>
                <S>Register-EC2TrunkInterface</S>
                <S>Register-EC2VpcCidrBlock</S>
                <S>Remove-EC2Address</S>
                <S>Remove-EC2CapacityReservation</S>
                <S>Remove-EC2CarrierGateway</S>
                <S>Remove-EC2ClientVpnEndpoint</S>
                <S>Remove-EC2ClientVpnRoute</S>
                <S>Remove-EC2CoipCidr</S>
                <S>Remove-EC2CoipPool</S>
                <S>Remove-EC2CustomerGateway</S>
                <S>Remove-EC2DhcpOption</S>
                <S>Remove-EC2EgressOnlyInternetGateway</S>
                <S>Remove-EC2EndpointConnectionNotification</S>
                <S>Remove-EC2EndpointServiceConfiguration</S>
                <S>Remove-EC2Fleet</S>
                <S>Remove-EC2FlowLog</S>
                <S>Remove-EC2FpgaImage</S>
                <S>Remove-EC2Host</S>
                <S>Remove-EC2Instance</S>
                <S>Remove-EC2InstanceEventWindow</S>
                <S>Remove-EC2InternetGateway</S>
                <S>Remove-EC2Ipam</S>
                <S>Remove-EC2IpamPool</S>
                <S>Remove-EC2IpamPoolAllocation</S>
                <S>Remove-EC2IpamResourceDiscovery</S>
                <S>Remove-EC2IpamScope</S>
                <S>Remove-EC2KeyPair</S>
                <S>Remove-EC2LaunchTemplate</S>
                <S>Remove-EC2LocalGatewayRoute</S>
                <S>Remove-EC2LocalGatewayRouteTable</S>
                <S>Remove-EC2LocalGatewayRouteTableVirtualInterfaceGroupAssociation</S>
                <S>Remove-EC2LocalGatewayRouteTableVpcAssociation</S>
                <S>Remove-EC2ManagedPrefixList</S>
                <S>Remove-EC2NatGateway</S>
                <S>Remove-EC2NetworkAcl</S>
                <S>Remove-EC2NetworkAclEntry</S>
                <S>Remove-EC2NetworkInsightsAccessScope</S>
                <S>Remove-EC2NetworkInsightsAccessScopeAnalysis</S>
                <S>Remove-EC2NetworkInsightsAnalysis</S>
                <S>Remove-EC2NetworkInsightsPath</S>
                <S>Remove-EC2NetworkInterface</S>
                <S>Remove-EC2NetworkInterfacePermission</S>
                <S>Remove-EC2PlacementGroup</S>
                <S>Remove-EC2PublicIpv4Pool</S>
                <S>Remove-EC2QueuedReservedInstance</S>
                <S>Remove-EC2Route</S>
                <S>Remove-EC2RouteTable</S>
                <S>Remove-EC2SecurityGroup</S>
                <S>Remove-EC2Snapshot</S>
                <S>Remove-EC2SpotDatafeedSubscription</S>
                <S>Remove-EC2Subnet</S>
                <S>Remove-EC2SubnetCidrReservation</S>
                <S>Remove-EC2Tag</S>
                <S>Remove-EC2TemplateVersion</S>
                <S>Remove-EC2TrafficMirrorFilter</S>
                <S>Remove-EC2TrafficMirrorFilterRule</S>
                <S>Remove-EC2TrafficMirrorSession</S>
                <S>Remove-EC2TrafficMirrorTarget</S>
                <S>Remove-EC2TransitGateway</S>
                <S>Remove-EC2TransitGatewayConnect</S>
                <S>Remove-EC2TransitGatewayConnectPeer</S>
                <S>Remove-EC2TransitGatewayMulticastDomain</S>
                <S>Remove-EC2TransitGatewayPeeringAttachment</S>
                <S>Remove-EC2TransitGatewayPolicyTable</S>
                <S>Remove-EC2TransitGatewayPrefixListReference</S>
                <S>Remove-EC2TransitGatewayRoute</S>
                <S>Remove-EC2TransitGatewayRouteTable</S>
                <S>Remove-EC2TransitGatewayRouteTableAnnouncement</S>
                <S>Remove-EC2TransitGatewayVpcAttachment</S>
                <S>Remove-EC2VerifiedAccessEndpoint</S>
                <S>Remove-EC2VerifiedAccessGroup</S>
                <S>Remove-EC2VerifiedAccessInstance</S>
                <S>Remove-EC2VerifiedAccessTrustProvider</S>
                <S>Remove-EC2Volume</S>
                <S>Remove-EC2Vpc</S>
                <S>Remove-EC2VpcEndpoint</S>
                <S>Remove-EC2VpcPeeringConnection</S>
                <S>Remove-EC2VpnConnection</S>
                <S>Remove-EC2VpnConnectionRoute</S>
                <S>Remove-EC2VpnGateway</S>
                <S>Request-EC2SpotFleet</S>
                <S>Request-EC2SpotInstance</S>
                <S>Reset-EC2AddressAttribute</S>
                <S>Reset-EC2EbsDefaultKmsKeyId</S>
                <S>Reset-EC2FpgaImageAttribute</S>
                <S>Reset-EC2ImageAttribute</S>
                <S>Reset-EC2InstanceAttribute</S>
                <S>Reset-EC2NetworkInterfaceAttribute</S>
                <S>Reset-EC2SnapshotAttribute</S>
                <S>Restart-EC2Instance</S>
                <S>Restore-EC2AddressToClassic</S>
                <S>Restore-EC2ImageFromRecycleBin</S>
                <S>Restore-EC2ManagedPrefixListVersion</S>
                <S>Restore-EC2SnapshotFromRecycleBin</S>
                <S>Restore-EC2SnapshotTier</S>
                <S>Revoke-EC2ClientVpnIngress</S>
                <S>Revoke-EC2SecurityGroupEgress</S>
                <S>Revoke-EC2SecurityGroupIngress</S>
                <S>Search-EC2LocalGatewayRoute</S>
                <S>Search-EC2TransitGatewayMulticastGroup</S>
                <S>Search-EC2TransitGatewayRoute</S>
                <S>Send-EC2DiagnosticInterrupt</S>
                <S>Send-EC2InstanceStatus</S>
                <S>Set-EC2IamInstanceProfileAssociation</S>
                <S>Set-EC2NetworkAclAssociation</S>
                <S>Set-EC2NetworkAclEntry</S>
                <S>Set-EC2Route</S>
                <S>Set-EC2RouteTableAssociation</S>
                <S>Set-EC2TransitGatewayRoute</S>
                <S>Set-EC2VpnTunnel</S>
                <S>Start-EC2ByoipCidrAdvertisement</S>
                <S>Start-EC2Instance</S>
                <S>Start-EC2InstanceMonitoring</S>
                <S>Start-EC2NetworkInsightsAccessScopeAnalysis</S>
                <S>Start-EC2NetworkInsightsAnalysis</S>
                <S>Start-EC2VpcEndpointServicePrivateDnsVerification</S>
                <S>Stop-EC2BundleTask</S>
                <S>Stop-EC2ByoipCidrAdvertisement</S>
                <S>Stop-EC2CapacityReservationFleet</S>
                <S>Stop-EC2ClientVpnConnection</S>
                <S>Stop-EC2ExportTask</S>
                <S>Stop-EC2ImageLaunchPermission</S>
                <S>Stop-EC2ImportTask</S>
                <S>Stop-EC2Instance</S>
                <S>Stop-EC2InstanceMonitoring</S>
                <S>Stop-EC2ReservedInstancesListing</S>
                <S>Stop-EC2SpotFleetRequest</S>
                <S>Stop-EC2SpotInstanceRequest</S>
                <S>Unregister-EC2Address</S>
                <S>Unregister-EC2ByoipCidr</S>
                <S>Unregister-EC2ClientVpnTargetNetwork</S>
                <S>Unregister-EC2EnclaveCertificateIamRole</S>
                <S>Unregister-EC2IamInstanceProfile</S>
                <S>Unregister-EC2Image</S>
                <S>Unregister-EC2InstanceEventNotificationAttribute</S>
                <S>Unregister-EC2InstanceEventWindow</S>
                <S>Unregister-EC2IpamPoolCidr</S>
                <S>Unregister-EC2IpamResourceDiscovery</S>
                <S>Unregister-EC2Ipv6AddressList</S>
                <S>Unregister-EC2NatGatewayAddress</S>
                <S>Unregister-EC2PrivateIpAddress</S>
                <S>Unregister-EC2PrivateNatGatewayAddress</S>
                <S>Unregister-EC2PublicIpv4PoolCidr</S>
                <S>Unregister-EC2RouteTable</S>
                <S>Unregister-EC2SubnetCidrBlock</S>
                <S>Unregister-EC2TransitGatewayMulticastDomain</S>
                <S>Unregister-EC2TransitGatewayMulticastGroupMember</S>
                <S>Unregister-EC2TransitGatewayMulticastGroupSource</S>
                <S>Unregister-EC2TransitGatewayPolicyTable</S>
                <S>Unregister-EC2TransitGatewayRouteTable</S>
                <S>Unregister-EC2TrunkInterface</S>
                <S>Unregister-EC2VpcCidrBlock</S>
                <S>Update-EC2SecurityGroupRuleEgressDescription</S>
                <S>Update-EC2SecurityGroupRuleIngressDescription</S>
              </LST>
            </Obj>
          </En>
          <En>
            <S N="Key">Workflow</S>
            <Obj N="Value" RefId="4">
              <TNRef RefId="1" />
              <LST />
            </Obj>
          </En>
          <En>
            <S N="Key">Function</S>
            <Ref N="Value" RefId="4" />
          </En>
          <En>
            <S N="Key">RoleCapability</S>
            <Ref N="Value" RefId="4" />
          </En>
          <En>
            <S N="Key">Command</S>
            <Obj N="Value" RefId="5">
              <TNRef RefId="1" />
              <LST>
                <S>Add-EC2CapacityReservation</S>
                <S>Add-EC2ClassicLinkVpc</S>
                <S>Add-EC2InternetGateway</S>
                <S>Add-EC2NetworkInterface</S>
                <S>Add-EC2SecurityGroupToClientVpnTargetNetwork</S>
                <S>Add-EC2Volume</S>
                <S>Add-EC2VpnGateway</S>
                <S>Approve-EC2AddressTransfer</S>
                <S>Approve-EC2EndpointConnection</S>
                <S>Approve-EC2ReservedInstancesExchangeQuote</S>
                <S>Approve-EC2TransitGatewayMulticastDomainAssociation</S>
                <S>Approve-EC2TransitGatewayPeeringAttachment</S>
                <S>Approve-EC2TransitGatewayVpcAttachment</S>
                <S>Approve-EC2VpcPeeringConnection</S>
                <S>Confirm-EC2ProductInstance</S>
                <S>Copy-EC2FpgaImage</S>
                <S>Copy-EC2Image</S>
                <S>Copy-EC2Snapshot</S>
                <S>Deny-EC2EndpointConnection</S>
                <S>Deny-EC2TransitGatewayMulticastDomainAssociation</S>
                <S>Deny-EC2TransitGatewayPeeringAttachment</S>
                <S>Deny-EC2TransitGatewayVpcAttachment</S>
                <S>Deny-EC2VpcPeeringConnection</S>
                <S>Disable-EC2AddressTransfer</S>
                <S>Disable-EC2AwsNetworkPerformanceMetricSubscription</S>
                <S>Disable-EC2EbsEncryptionByDefault</S>
                <S>Disable-EC2FastLaunch</S>
                <S>Disable-EC2FastSnapshotRestore</S>
                <S>Disable-EC2ImageDeprecation</S>
                <S>Disable-EC2IpamOrganizationAdminAccount</S>
                <S>Disable-EC2SerialConsoleAccess</S>
                <S>Disable-EC2TransitGatewayRouteTablePropagation</S>
                <S>Disable-EC2VgwRoutePropagation</S>
                <S>Disable-EC2VpcClassicLink</S>
                <S>Disable-EC2VpcClassicLinkDnsSupport</S>
                <S>Dismount-EC2ClassicLinkVpc</S>
                <S>Dismount-EC2InternetGateway</S>
                <S>Dismount-EC2NetworkInterface</S>
                <S>Dismount-EC2VerifiedAccessTrustProvider</S>
                <S>Dismount-EC2Volume</S>
                <S>Dismount-EC2VpnGateway</S>
                <S>Edit-EC2AddressAttribute</S>
                <S>Edit-EC2AvailabilityZoneGroup</S>
                <S>Edit-EC2CapacityReservation</S>
                <S>Edit-EC2CapacityReservationFleet</S>
                <S>Edit-EC2ClientVpnEndpoint</S>
                <S>Edit-EC2DefaultCreditSpecification</S>
                <S>Edit-EC2EbsDefaultKmsKeyId</S>
                <S>Edit-EC2EndpointServicePermission</S>
                <S>Edit-EC2Fleet</S>
                <S>Edit-EC2FpgaImageAttribute</S>
                <S>Edit-EC2Host</S>
                <S>Edit-EC2IdentityIdFormat</S>
                <S>Edit-EC2IdFormat</S>
                <S>Edit-EC2ImageAttribute</S>
                <S>Edit-EC2InstanceAttribute</S>
                <S>Edit-EC2InstanceCapacityReservationAttribute</S>
                <S>Edit-EC2InstanceCreditSpecification</S>
                <S>Edit-EC2InstanceEventStartTime</S>
                <S>Edit-EC2InstanceEventWindow</S>
                <S>Edit-EC2InstanceMaintenanceOption</S>
                <S>Edit-EC2InstanceMetadataOption</S>
                <S>Edit-EC2InstancePlacement</S>
                <S>Edit-EC2Ipam</S>
                <S>Edit-EC2IpamPool</S>
                <S>Edit-EC2IpamResourceCidr</S>
                <S>Edit-EC2IpamResourceDiscovery</S>
                <S>Edit-EC2IpamScope</S>
                <S>Edit-EC2LaunchTemplate</S>
                <S>Edit-EC2LocalGatewayRoute</S>
                <S>Edit-EC2ManagedPrefixList</S>
                <S>Edit-EC2NetworkInterfaceAttribute</S>
                <S>Edit-EC2PrivateDnsNameOption</S>
                <S>Edit-EC2ReservedInstance</S>
                <S>Edit-EC2SecurityGroupRule</S>
                <S>Edit-EC2SnapshotAttribute</S>
                <S>Edit-EC2SnapshotTier</S>
                <S>Edit-EC2SpotFleetRequest</S>
                <S>Edit-EC2SubnetAttribute</S>
                <S>Edit-EC2TrafficMirrorFilterNetworkService</S>
                <S>Edit-EC2TrafficMirrorFilterRule</S>
                <S>Edit-EC2TrafficMirrorSession</S>
                <S>Edit-EC2TransitGateway</S>
                <S>Edit-EC2TransitGatewayPrefixListReference</S>
                <S>Edit-EC2TransitGatewayVpcAttachment</S>
                <S>Edit-EC2VerifiedAccessEndpoint</S>
                <S>Edit-EC2VerifiedAccessEndpointPolicy</S>
                <S>Edit-EC2VerifiedAccessGroup</S>
                <S>Edit-EC2VerifiedAccessGroupPolicy</S>
                <S>Edit-EC2VerifiedAccessInstance</S>
                <S>Edit-EC2VerifiedAccessInstanceLoggingConfiguration</S>
                <S>Edit-EC2VerifiedAccessTrustProvider</S>
                <S>Edit-EC2Volume</S>
                <S>Edit-EC2VolumeAttribute</S>
                <S>Edit-EC2VpcAttribute</S>
                <S>Edit-EC2VpcEndpoint</S>
                <S>Edit-EC2VpcEndpointConnectionNotification</S>
                <S>Edit-EC2VpcEndpointServiceConfiguration</S>
                <S>Edit-EC2VpcEndpointServicePayerResponsibility</S>
                <S>Edit-EC2VpcPeeringConnectionOption</S>
                <S>Edit-EC2VpcTenancy</S>
                <S>Edit-EC2VpnConnection</S>
                <S>Edit-EC2VpnConnectionOption</S>
                <S>Edit-EC2VpnTunnelCertificate</S>
                <S>Edit-EC2VpnTunnelOption</S>
                <S>Enable-EC2AddressTransfer</S>
                <S>Enable-EC2AwsNetworkPerformanceMetricSubscription</S>
                <S>Enable-EC2EbsEncryptionByDefault</S>
                <S>Enable-EC2FastLaunch</S>
                <S>Enable-EC2FastSnapshotRestore</S>
                <S>Enable-EC2ImageDeprecation</S>
                <S>Enable-EC2IpamOrganizationAdminAccount</S>
                <S>Enable-EC2ReachabilityAnalyzerOrganizationSharing</S>
                <S>Enable-EC2SerialConsoleAccess</S>
                <S>Enable-EC2TransitGatewayRouteTablePropagation</S>
                <S>Enable-EC2VgwRoutePropagation</S>
                <S>Enable-EC2VolumeIO</S>
                <S>Enable-EC2VpcClassicLink</S>
                <S>Enable-EC2VpcClassicLinkDnsSupport</S>
                <S>Export-EC2ClientVpnClientCertificateRevocationList</S>
                <S>Export-EC2ClientVpnClientConfiguration</S>
                <S>Export-EC2Image</S>
                <S>Export-EC2TransitGatewayRoute</S>
                <S>Get-EC2AccountAttribute</S>
                <S>Get-EC2Address</S>
                <S>Get-EC2AddressesAttribute</S>
                <S>Get-EC2AddressTransfer</S>
                <S>Get-EC2AggregateIdFormat</S>
                <S>Get-EC2AssociatedEnclaveCertificateIamRole</S>
                <S>Get-EC2AssociatedIpv6PoolCidr</S>
                <S>Get-EC2AvailabilityZone</S>
                <S>Get-EC2AwsNetworkPerformanceData</S>
                <S>Get-EC2AwsNetworkPerformanceMetricSubscription</S>
                <S>Get-EC2BundleTask</S>
                <S>Get-EC2ByoipCidr</S>
                <S>Get-EC2CapacityReservation</S>
                <S>Get-EC2CapacityReservationFleet</S>
                <S>Get-EC2CapacityReservationUsage</S>
                <S>Get-EC2CarrierGateway</S>
                <S>Get-EC2ClassicLinkInstance</S>
                <S>Get-EC2ClientVpnAuthorizationRule</S>
                <S>Get-EC2ClientVpnConnection</S>
                <S>Get-EC2ClientVpnEndpoint</S>
                <S>Get-EC2ClientVpnRoute</S>
                <S>Get-EC2ClientVpnTargetNetwork</S>
                <S>Get-EC2CoipPool</S>
                <S>Get-EC2CoipPoolUsage</S>
                <S>Get-EC2ConsoleOutput</S>
                <S>Get-EC2ConsoleScreenshot</S>
                <S>Get-EC2CreditSpecification</S>
                <S>Get-EC2CustomerGateway</S>
                <S>Get-EC2DefaultCreditSpecification</S>
                <S>Get-EC2DhcpOption</S>
                <S>Get-EC2EbsDefaultKmsKeyId</S>
                <S>Get-EC2EbsEncryptionByDefault</S>
                <S>Get-EC2EgressOnlyInternetGatewayList</S>
                <S>Get-EC2ElasticGpu</S>
                <S>Get-EC2EndpointConnection</S>
                <S>Get-EC2EndpointConnectionNotification</S>
                <S>Get-EC2EndpointServiceConfiguration</S>
                <S>Get-EC2EndpointServicePermission</S>
                <S>Get-EC2ExportImageTask</S>
                <S>Get-EC2ExportTask</S>
                <S>Get-EC2FastLaunchImage</S>
                <S>Get-EC2FastSnapshotRestore</S>
                <S>Get-EC2FleetHistory</S>
                <S>Get-EC2FleetInstanceList</S>
                <S>Get-EC2FleetList</S>
                <S>Get-EC2FlowLog</S>
                <S>Get-EC2FlowLogsIntegrationTemplate</S>
                <S>Get-EC2FpgaImage</S>
                <S>Get-EC2FpgaImageAttribute</S>
                <S>Get-EC2GroupsForCapacityReservation</S>
                <S>Get-EC2Host</S>
                <S>Get-EC2HostReservation</S>
                <S>Get-EC2HostReservationOffering</S>
                <S>Get-EC2HostReservationPurchasePreview</S>
                <S>Get-EC2IamInstanceProfileAssociation</S>
                <S>Get-EC2IdentityIdFormat</S>
                <S>Get-EC2IdFormat</S>
                <S>Get-EC2Image</S>
                <S>Get-EC2ImageAttribute</S>
                <S>Get-EC2ImageByName</S>
                <S>Get-EC2ImagesInRecycleBinList</S>
                <S>Get-EC2ImportImageTask</S>
                <S>Get-EC2ImportSnapshotTask</S>
                <S>Get-EC2Instance</S>
                <S>Get-EC2InstanceAttribute</S>
                <S>Get-EC2InstanceEventNotificationAttribute</S>
                <S>Get-EC2InstanceEventWindow</S>
                <S>Get-EC2InstanceMetadata</S>
                <S>Get-EC2InstanceStatus</S>
                <S>Get-EC2InstanceType</S>
                <S>Get-EC2InstanceTypeOffering</S>
                <S>Get-EC2InstanceTypesFromInstanceRequirement</S>
                <S>Get-EC2InstanceUefiData</S>
                <S>Get-EC2InternetGateway</S>
                <S>Get-EC2Ipam</S>
                <S>Get-EC2IpamAddressHistory</S>
                <S>Get-EC2IpamDiscoveredAccount</S>
                <S>Get-EC2IpamDiscoveredResourceCidr</S>
                <S>Get-EC2IpamPool</S>
                <S>Get-EC2IpamPoolAllocation</S>
                <S>Get-EC2IpamPoolCidr</S>
                <S>Get-EC2IpamResourceCidr</S>
                <S>Get-EC2IpamResourceDiscovery</S>
                <S>Get-EC2IpamResourceDiscoveryAssociation</S>
                <S>Get-EC2IpamScope</S>
                <S>Get-EC2Ipv6Pool</S>
                <S>Get-EC2KeyPair</S>
                <S>Get-EC2LaunchTemplateData</S>
                <S>Get-EC2LocalGateway</S>
                <S>Get-EC2LocalGatewayRouteTable</S>
                <S>Get-EC2LocalGatewayRouteTableVirtualInterfaceGroupAssociation</S>
                <S>Get-EC2LocalGatewayRouteTableVpcAssociation</S>
                <S>Get-EC2LocalGatewayVirtualInterface</S>
                <S>Get-EC2LocalGatewayVirtualInterfaceGroup</S>
                <S>Get-EC2ManagedPrefixList</S>
                <S>Get-EC2ManagedPrefixListAssociation</S>
                <S>Get-EC2ManagedPrefixListEntry</S>
                <S>Get-EC2MovingAddress</S>
                <S>Get-EC2NatGateway</S>
                <S>Get-EC2NetworkAcl</S>
                <S>Get-EC2NetworkInsightsAccessScope</S>
                <S>Get-EC2NetworkInsightsAccessScopeAnalysis</S>
                <S>Get-EC2NetworkInsightsAccessScopeAnalysisFinding</S>
                <S>Get-EC2NetworkInsightsAccessScopeContent</S>
                <S>Get-EC2NetworkInsightsAnalysis</S>
                <S>Get-EC2NetworkInsightsPath</S>
                <S>Get-EC2NetworkInterface</S>
                <S>Get-EC2NetworkInterfaceAttribute</S>
                <S>Get-EC2NetworkInterfacePermission</S>
                <S>Get-EC2PasswordData</S>
                <S>Get-EC2PlacementGroup</S>
                <S>Get-EC2PrefixList</S>
                <S>Get-EC2PrincipalIdFormat</S>
                <S>Get-EC2PublicIpv4Pool</S>
                <S>Get-EC2Region</S>
                <S>Get-EC2ReplaceRootVolumeTask</S>
                <S>Get-EC2ReservedInstance</S>
                <S>Get-EC2ReservedInstancesExchangeQuote</S>
                <S>Get-EC2ReservedInstancesListing</S>
                <S>Get-EC2ReservedInstancesModification</S>
                <S>Get-EC2ReservedInstancesOffering</S>
                <S>Get-EC2RouteTable</S>
                <S>Get-EC2ScheduledInstance</S>
                <S>Get-EC2ScheduledInstanceAvailability</S>
                <S>Get-EC2SecurityGroup</S>
                <S>Get-EC2SecurityGroupReference</S>
                <S>Get-EC2SecurityGroupRule</S>
                <S>Get-EC2SerialConsoleAccessStatus</S>
                <S>Get-EC2Snapshot</S>
                <S>Get-EC2SnapshotAttribute</S>
                <S>Get-EC2SnapshotsInRecycleBinList</S>
                <S>Get-EC2SnapshotTierStatus</S>
                <S>Get-EC2SpotDatafeedSubscription</S>
                <S>Get-EC2SpotFleetInstance</S>
                <S>Get-EC2SpotFleetRequest</S>
                <S>Get-EC2SpotFleetRequestHistory</S>
                <S>Get-EC2SpotInstanceRequest</S>
                <S>Get-EC2SpotPlacementScore</S>
                <S>Get-EC2SpotPriceHistory</S>
                <S>Get-EC2StaleSecurityGroup</S>
                <S>Get-EC2StoreImageTask</S>
                <S>Get-EC2Subnet</S>
                <S>Get-EC2SubnetCidrReservation</S>
                <S>Get-EC2Tag</S>
                <S>Get-EC2Template</S>
                <S>Get-EC2TemplateVersion</S>
                <S>Get-EC2TrafficMirrorFilter</S>
                <S>Get-EC2TrafficMirrorSession</S>
                <S>Get-EC2TrafficMirrorTarget</S>
                <S>Get-EC2TransitGateway</S>
                <S>Get-EC2TransitGatewayAttachment</S>
                <S>Get-EC2TransitGatewayAttachmentPropagation</S>
                <S>Get-EC2TransitGatewayConnect</S>
                <S>Get-EC2TransitGatewayConnectPeer</S>
                <S>Get-EC2TransitGatewayMulticastDomain</S>
                <S>Get-EC2TransitGatewayMulticastDomainAssociation</S>
                <S>Get-EC2TransitGatewayPeeringAttachment</S>
                <S>Get-EC2TransitGatewayPolicyTable</S>
                <S>Get-EC2TransitGatewayPolicyTableAssociation</S>
                <S>Get-EC2TransitGatewayPolicyTableEntry</S>
                <S>Get-EC2TransitGatewayPrefixListReference</S>
                <S>Get-EC2TransitGatewayRouteTable</S>
                <S>Get-EC2TransitGatewayRouteTableAnnouncement</S>
                <S>Get-EC2TransitGatewayRouteTableAssociation</S>
                <S>Get-EC2TransitGatewayRouteTablePropagation</S>
                <S>Get-EC2TransitGatewayVpcAttachment</S>
                <S>Get-EC2TrunkInterfaceAssociation</S>
                <S>Get-EC2VerifiedAccessEndpoint</S>
                <S>Get-EC2VerifiedAccessEndpointPolicy</S>
                <S>Get-EC2VerifiedAccessGroup</S>
                <S>Get-EC2VerifiedAccessGroupPolicy</S>
                <S>Get-EC2VerifiedAccessInstance</S>
                <S>Get-EC2VerifiedAccessInstanceLoggingConfiguration</S>
                <S>Get-EC2VerifiedAccessTrustProvider</S>
                <S>Get-EC2Volume</S>
                <S>Get-EC2VolumeAttribute</S>
                <S>Get-EC2VolumeModification</S>
                <S>Get-EC2VolumeStatus</S>
                <S>Get-EC2Vpc</S>
                <S>Get-EC2VpcAttribute</S>
                <S>Get-EC2VpcClassicLink</S>
                <S>Get-EC2VpcClassicLinkDnsSupport</S>
                <S>Get-EC2VpcEndpoint</S>
                <S>Get-EC2VpcEndpointService</S>
                <S>Get-EC2VpcPeeringConnection</S>
                <S>Get-EC2VpnConnection</S>
                <S>Get-EC2VpnConnectionDeviceSampleConfiguration</S>
                <S>Get-EC2VpnConnectionDeviceType</S>
                <S>Get-EC2VpnGateway</S>
                <S>Get-EC2VpnTunnelReplacementStatus</S>
                <S>Grant-EC2ClientVpnIngress</S>
                <S>Grant-EC2SecurityGroupEgress</S>
                <S>Grant-EC2SecurityGroupIngress</S>
                <S>Import-EC2ClientVpnClientCertificateRevocationList</S>
                <S>Import-EC2Image</S>
                <S>Import-EC2KeyPair</S>
                <S>Import-EC2Snapshot</S>
                <S>Mount-EC2VerifiedAccessTrustProvider</S>
                <S>Move-EC2AddressToVpc</S>
                <S>Move-EC2ByoipCidrToIpam</S>
                <S>New-EC2Address</S>
                <S>New-EC2CapacityReservationFleet</S>
                <S>New-EC2CarrierGateway</S>
                <S>New-EC2ClientVpnEndpoint</S>
                <S>New-EC2ClientVpnRoute</S>
                <S>New-EC2CoipCidr</S>
                <S>New-EC2CoipPool</S>
                <S>New-EC2CustomerGateway</S>
                <S>New-EC2DefaultSubnet</S>
                <S>New-EC2DefaultVpc</S>
                <S>New-EC2DhcpOption</S>
                <S>New-EC2EgressOnlyInternetGateway</S>
                <S>New-EC2Fleet</S>
                <S>New-EC2FlowLog</S>
                <S>New-EC2FpgaImage</S>
                <S>New-EC2Host</S>
                <S>New-EC2HostReservation</S>
                <S>New-EC2Image</S>
                <S>New-EC2Instance</S>
                <S>New-EC2InstanceBundle</S>
                <S>New-EC2InstanceEventWindow</S>
                <S>New-EC2InstanceExportTask</S>
                <S>New-EC2InternetGateway</S>
                <S>New-EC2Ipam</S>
                <S>New-EC2IpamPool</S>
                <S>New-EC2IpamPoolCidr</S>
                <S>New-EC2IpamResourceDiscovery</S>
                <S>New-EC2IpamScope</S>
                <S>New-EC2KeyPair</S>
                <S>New-EC2LaunchTemplate</S>
                <S>New-EC2LaunchTemplateVersion</S>
                <S>New-EC2LocalGatewayRoute</S>
                <S>New-EC2LocalGatewayRouteTable</S>
                <S>New-EC2LocalGatewayRouteTableVirtualInterfaceGroupAssociation</S>
                <S>New-EC2LocalGatewayRouteTableVpcAssociation</S>
                <S>New-EC2ManagedPrefixList</S>
                <S>New-EC2NatGateway</S>
                <S>New-EC2NetworkAcl</S>
                <S>New-EC2NetworkAclEntry</S>
                <S>New-EC2NetworkInsightsAccessScope</S>
                <S>New-EC2NetworkInsightsPath</S>
                <S>New-EC2NetworkInterface</S>
                <S>New-EC2NetworkInterfacePermission</S>
                <S>New-EC2PlacementGroup</S>
                <S>New-EC2PublicIpv4Pool</S>
                <S>New-EC2ReplaceRootVolumeTask</S>
                <S>New-EC2ReservedInstance</S>
                <S>New-EC2ReservedInstancesListing</S>
                <S>New-EC2RestoreImageTask</S>
                <S>New-EC2Route</S>
                <S>New-EC2RouteTable</S>
                <S>New-EC2ScheduledInstance</S>
                <S>New-EC2ScheduledInstancePurchase</S>
                <S>New-EC2SecurityGroup</S>
                <S>New-EC2Snapshot</S>
                <S>New-EC2SnapshotBatch</S>
                <S>New-EC2SpotDatafeedSubscription</S>
                <S>New-EC2StoreImageTask</S>
                <S>New-EC2Subnet</S>
                <S>New-EC2SubnetCidrReservation</S>
                <S>New-EC2Tag</S>
                <S>New-EC2TrafficMirrorFilter</S>
                <S>New-EC2TrafficMirrorFilterRule</S>
                <S>New-EC2TrafficMirrorSession</S>
                <S>New-EC2TrafficMirrorTarget</S>
                <S>New-EC2TransitGateway</S>
                <S>New-EC2TransitGatewayConnect</S>
                <S>New-EC2TransitGatewayConnectPeer</S>
                <S>New-EC2TransitGatewayMulticastDomain</S>
                <S>New-EC2TransitGatewayPeeringAttachment</S>
                <S>New-EC2TransitGatewayPolicyTable</S>
                <S>New-EC2TransitGatewayPrefixListReference</S>
                <S>New-EC2TransitGatewayRoute</S>
                <S>New-EC2TransitGatewayRouteTable</S>
                <S>New-EC2TransitGatewayRouteTableAnnouncement</S>
                <S>New-EC2TransitGatewayVpcAttachment</S>
                <S>New-EC2VerifiedAccessEndpoint</S>
                <S>New-EC2VerifiedAccessGroup</S>
                <S>New-EC2VerifiedAccessInstance</S>
                <S>New-EC2VerifiedAccessTrustProvider</S>
                <S>New-EC2Volume</S>
                <S>New-EC2Vpc</S>
                <S>New-EC2VpcEndpoint</S>
                <S>New-EC2VpcEndpointConnectionNotification</S>
                <S>New-EC2VpcEndpointServiceConfiguration</S>
                <S>New-EC2VpcPeeringConnection</S>
                <S>New-EC2VpnConnection</S>
                <S>New-EC2VpnConnectionRoute</S>
                <S>New-EC2VpnGateway</S>
                <S>Register-EC2Address</S>
                <S>Register-EC2ByoipCidr</S>
                <S>Register-EC2ClientVpnTargetNetwork</S>
                <S>Register-EC2DhcpOption</S>
                <S>Register-EC2EnclaveCertificateIamRole</S>
                <S>Register-EC2IamInstanceProfile</S>
                <S>Register-EC2Image</S>
                <S>Register-EC2InstanceEventNotificationAttribute</S>
                <S>Register-EC2InstanceEventWindow</S>
                <S>Register-EC2IpamPoolCidr</S>
                <S>Register-EC2IpamResourceDiscovery</S>
                <S>Register-EC2Ipv6AddressList</S>
                <S>Register-EC2NatGatewayAddress</S>
                <S>Register-EC2PrivateIpAddress</S>
                <S>Register-EC2PrivateNatGatewayAddress</S>
                <S>Register-EC2PublicIpv4PoolCidr</S>
                <S>Register-EC2RouteTable</S>
                <S>Register-EC2SubnetCidrBlock</S>
                <S>Register-EC2TransitGatewayMulticastDomain</S>
                <S>Register-EC2TransitGatewayMulticastGroupMember</S>
                <S>Register-EC2TransitGatewayMulticastGroupSource</S>
                <S>Register-EC2TransitGatewayPolicyTable</S>
                <S>Register-EC2TransitGatewayRouteTable</S>
                <S>Register-EC2TrunkInterface</S>
                <S>Register-EC2VpcCidrBlock</S>
                <S>Remove-EC2Address</S>
                <S>Remove-EC2CapacityReservation</S>
                <S>Remove-EC2CarrierGateway</S>
                <S>Remove-EC2ClientVpnEndpoint</S>
                <S>Remove-EC2ClientVpnRoute</S>
                <S>Remove-EC2CoipCidr</S>
                <S>Remove-EC2CoipPool</S>
                <S>Remove-EC2CustomerGateway</S>
                <S>Remove-EC2DhcpOption</S>
                <S>Remove-EC2EgressOnlyInternetGateway</S>
                <S>Remove-EC2EndpointConnectionNotification</S>
                <S>Remove-EC2EndpointServiceConfiguration</S>
                <S>Remove-EC2Fleet</S>
                <S>Remove-EC2FlowLog</S>
                <S>Remove-EC2FpgaImage</S>
                <S>Remove-EC2Host</S>
                <S>Remove-EC2Instance</S>
                <S>Remove-EC2InstanceEventWindow</S>
                <S>Remove-EC2InternetGateway</S>
                <S>Remove-EC2Ipam</S>
                <S>Remove-EC2IpamPool</S>
                <S>Remove-EC2IpamPoolAllocation</S>
                <S>Remove-EC2IpamResourceDiscovery</S>
                <S>Remove-EC2IpamScope</S>
                <S>Remove-EC2KeyPair</S>
                <S>Remove-EC2LaunchTemplate</S>
                <S>Remove-EC2LocalGatewayRoute</S>
                <S>Remove-EC2LocalGatewayRouteTable</S>
                <S>Remove-EC2LocalGatewayRouteTableVirtualInterfaceGroupAssociation</S>
                <S>Remove-EC2LocalGatewayRouteTableVpcAssociation</S>
                <S>Remove-EC2ManagedPrefixList</S>
                <S>Remove-EC2NatGateway</S>
                <S>Remove-EC2NetworkAcl</S>
                <S>Remove-EC2NetworkAclEntry</S>
                <S>Remove-EC2NetworkInsightsAccessScope</S>
                <S>Remove-EC2NetworkInsightsAccessScopeAnalysis</S>
                <S>Remove-EC2NetworkInsightsAnalysis</S>
                <S>Remove-EC2NetworkInsightsPath</S>
                <S>Remove-EC2NetworkInterface</S>
                <S>Remove-EC2NetworkInterfacePermission</S>
                <S>Remove-EC2PlacementGroup</S>
                <S>Remove-EC2PublicIpv4Pool</S>
                <S>Remove-EC2QueuedReservedInstance</S>
                <S>Remove-EC2Route</S>
                <S>Remove-EC2RouteTable</S>
                <S>Remove-EC2SecurityGroup</S>
                <S>Remove-EC2Snapshot</S>
                <S>Remove-EC2SpotDatafeedSubscription</S>
                <S>Remove-EC2Subnet</S>
                <S>Remove-EC2SubnetCidrReservation</S>
                <S>Remove-EC2Tag</S>
                <S>Remove-EC2TemplateVersion</S>
                <S>Remove-EC2TrafficMirrorFilter</S>
                <S>Remove-EC2TrafficMirrorFilterRule</S>
                <S>Remove-EC2TrafficMirrorSession</S>
                <S>Remove-EC2TrafficMirrorTarget</S>
                <S>Remove-EC2TransitGateway</S>
                <S>Remove-EC2TransitGatewayConnect</S>
                <S>Remove-EC2TransitGatewayConnectPeer</S>
                <S>Remove-EC2TransitGatewayMulticastDomain</S>
                <S>Remove-EC2TransitGatewayPeeringAttachment</S>
                <S>Remove-EC2TransitGatewayPolicyTable</S>
                <S>Remove-EC2TransitGatewayPrefixListReference</S>
                <S>Remove-EC2TransitGatewayRoute</S>
                <S>Remove-EC2TransitGatewayRouteTable</S>
                <S>Remove-EC2TransitGatewayRouteTableAnnouncement</S>
                <S>Remove-EC2TransitGatewayVpcAttachment</S>
                <S>Remove-EC2VerifiedAccessEndpoint</S>
                <S>Remove-EC2VerifiedAccessGroup</S>
                <S>Remove-EC2VerifiedAccessInstance</S>
                <S>Remove-EC2VerifiedAccessTrustProvider</S>
                <S>Remove-EC2Volume</S>
                <S>Remove-EC2Vpc</S>
                <S>Remove-EC2VpcEndpoint</S>
                <S>Remove-EC2VpcPeeringConnection</S>
                <S>Remove-EC2VpnConnection</S>
                <S>Remove-EC2VpnConnectionRoute</S>
                <S>Remove-EC2VpnGateway</S>
                <S>Request-EC2SpotFleet</S>
                <S>Request-EC2SpotInstance</S>
                <S>Reset-EC2AddressAttribute</S>
                <S>Reset-EC2EbsDefaultKmsKeyId</S>
                <S>Reset-EC2FpgaImageAttribute</S>
                <S>Reset-EC2ImageAttribute</S>
                <S>Reset-EC2InstanceAttribute</S>
                <S>Reset-EC2NetworkInterfaceAttribute</S>
                <S>Reset-EC2SnapshotAttribute</S>
                <S>Restart-EC2Instance</S>
                <S>Restore-EC2AddressToClassic</S>
                <S>Restore-EC2ImageFromRecycleBin</S>
                <S>Restore-EC2ManagedPrefixListVersion</S>
                <S>Restore-EC2SnapshotFromRecycleBin</S>
                <S>Restore-EC2SnapshotTier</S>
                <S>Revoke-EC2ClientVpnIngress</S>
                <S>Revoke-EC2SecurityGroupEgress</S>
                <S>Revoke-EC2SecurityGroupIngress</S>
                <S>Search-EC2LocalGatewayRoute</S>
                <S>Search-EC2TransitGatewayMulticastGroup</S>
                <S>Search-EC2TransitGatewayRoute</S>
                <S>Send-EC2DiagnosticInterrupt</S>
                <S>Send-EC2InstanceStatus</S>
                <S>Set-EC2IamInstanceProfileAssociation</S>
                <S>Set-EC2NetworkAclAssociation</S>
                <S>Set-EC2NetworkAclEntry</S>
                <S>Set-EC2Route</S>
                <S>Set-EC2RouteTableAssociation</S>
                <S>Set-EC2TransitGatewayRoute</S>
                <S>Set-EC2VpnTunnel</S>
                <S>Start-EC2ByoipCidrAdvertisement</S>
                <S>Start-EC2Instance</S>
                <S>Start-EC2InstanceMonitoring</S>
                <S>Start-EC2NetworkInsightsAccessScopeAnalysis</S>
                <S>Start-EC2NetworkInsightsAnalysis</S>
                <S>Start-EC2VpcEndpointServicePrivateDnsVerification</S>
                <S>Stop-EC2BundleTask</S>
                <S>Stop-EC2ByoipCidrAdvertisement</S>
                <S>Stop-EC2CapacityReservationFleet</S>
                <S>Stop-EC2ClientVpnConnection</S>
                <S>Stop-EC2ExportTask</S>
                <S>Stop-EC2ImageLaunchPermission</S>
                <S>Stop-EC2ImportTask</S>
                <S>Stop-EC2Instance</S>
                <S>Stop-EC2InstanceMonitoring</S>
                <S>Stop-EC2ReservedInstancesListing</S>
                <S>Stop-EC2SpotFleetRequest</S>
                <S>Stop-EC2SpotInstanceRequest</S>
                <S>Unregister-EC2Address</S>
                <S>Unregister-EC2ByoipCidr</S>
                <S>Unregister-EC2ClientVpnTargetNetwork</S>
                <S>Unregister-EC2EnclaveCertificateIamRole</S>
                <S>Unregister-EC2IamInstanceProfile</S>
                <S>Unregister-EC2Image</S>
                <S>Unregister-EC2InstanceEventNotificationAttribute</S>
                <S>Unregister-EC2InstanceEventWindow</S>
                <S>Unregister-EC2IpamPoolCidr</S>
                <S>Unregister-EC2IpamResourceDiscovery</S>
                <S>Unregister-EC2Ipv6AddressList</S>
                <S>Unregister-EC2NatGatewayAddress</S>
                <S>Unregister-EC2PrivateIpAddress</S>
                <S>Unregister-EC2PrivateNatGatewayAddress</S>
                <S>Unregister-EC2PublicIpv4PoolCidr</S>
                <S>Unregister-EC2RouteTable</S>
                <S>Unregister-EC2SubnetCidrBlock</S>
                <S>Unregister-EC2TransitGatewayMulticastDomain</S>
                <S>Unregister-EC2TransitGatewayMulticastGroupMember</S>
                <S>Unregister-EC2TransitGatewayMulticastGroupSource</S>
                <S>Unregister-EC2TransitGatewayPolicyTable</S>
                <S>Unregister-EC2TransitGatewayRouteTable</S>
                <S>Unregister-EC2TrunkInterface</S>
                <S>Unregister-EC2VpcCidrBlock</S>
                <S>Update-EC2SecurityGroupRuleEgressDescription</S>
                <S>Update-EC2SecurityGroupRuleIngressDescription</S>
              </LST>
            </Obj>
          </En>
          <En>
            <S N="Key">DscResource</S>
            <Ref N="Value" RefId="4" />
          </En>
        </DCT>
      </Obj>
      <Nil N="PowerShellGetFormatVersion" />
      <S N="ReleaseNotes">https://github.com/aws/aws-tools-for-powershell/blob/master/CHANGELOG.md</S>
      <Obj N="Dependencies" RefId="6">
        <TNRef RefId="1" />
        <LST>
          <Obj RefId="7">
            <TN RefId="3">
              <T>System.Collections.Specialized.OrderedDictionary</T>
              <T>System.Object</T>
            </TN>
            <DCT>
              <En>
                <S N="Key">Name</S>
                <S N="Value">AWS.Tools.Common</S>
              </En>
              <En>
                <S N="Key">RequiredVersion</S>
                <S N="Value">4.1.320</S>
              </En>
              <En>
                <S N="Key">CanonicalId</S>
                <S N="Value">nuget:AWS.Tools.Common/[4.1.320]</S>
              </En>
            </DCT>
          </Obj>
        </LST>
      </Obj>
      <S N="RepositorySourceLocation">https://www.powershellgallery.com/api/v2</S>
      <S N="Repository">PSGallery</S>
      <S N="PackageManagementProvider">NuGet</S>
      <Obj N="AdditionalMetadata" RefId="8">
        <TN RefId="4">
          <T>System.Management.Automation.PSCustomObject</T>
          <T>System.Object</T>
        </TN>
        <MS>
          <S N="copyright">Copyright 2012-2023 Amazon.com, Inc. or its affiliates. All Rights Reserved.</S>
          <S N="description">The EC2 module of AWS Tools for PowerShell lets developers and administrators manage Amazon Elastic Compute Cloud (EC2) from the PowerShell scripting environment. In order to manage each AWS service, install the corresponding module (e.g. AWS.Tools.EC2, AWS.Tools.S3...)._x000D__x000A_The module AWS.Tools.Installer (https://www.powershellgallery.com/packages/AWS.Tools.Installer/) makes it easier to install, update and uninstall the AWS.Tools modules._x000D__x000A_This version of AWS Tools for PowerShell is compatible with Windows PowerShell 5.1+ and PowerShell Core 6+ on Windows, Linux and macOS. When running on Windows PowerShell, .NET Framework 4.7.2 or newer is required. Alternative modules AWSPowerShell.NetCore and AWSPowerShell, provide support for all AWS services from a single module and also support older versions of Windows PowerShell and .NET Framework.</S>
          <S N="requireLicenseAcceptance">False</S>
          <S N="releaseNotes">https://github.com/aws/aws-tools-for-powershell/blob/master/CHANGELOG.md</S>
          <S N="isLatestVersion">False</S>
          <S N="isAbsoluteLatestVersion">False</S>
          <S N="versionDownloadCount">17134</S>
          <S N="downloadCount">4350555</S>
          <S N="packageSize">2565548</S>
          <S N="published">4/25/2023 10:33:43 PM -04:00</S>
          <S N="created">4/25/2023 10:33:43 PM -04:00</S>
          <S N="lastUpdated">5/7/2024 9:48:13 PM -04:00</S>
          <S N="tags">AWS cloud Windows PSEdition_Desktop PSEdition_Core Linux MacOS Mac PSModule</S>
          <S N="developmentDependency">False</S>
          <S N="updated">2024-05-07T21:48:13Z</S>
          <S N="NormalizedVersion">4.1.320</S>
          <S N="Authors">Amazon.com Inc</S>
          <S N="IsPrerelease">false</S>
          <S N="ItemType">Module</S>
          <S N="FileList">AWS.Tools.EC2.nuspec|AWS.Tools.EC2.Aliases.psm1|AWS.Tools.EC2.Completers.psm1|AWS.Tools.EC2.dll|AWS.Tools.EC2.dll-Help.xml|AWS.Tools.EC2.Format.ps1xml|AWS.Tools.EC2.psd1|AWS.Tools.EC2.XML|AWSSDK.EC2.dll|LICENSE|NOTICE</S>
          <S N="Cmdlets">Add-EC2CapacityReservation Add-EC2ClassicLinkVpc Add-EC2InternetGateway Add-EC2NetworkInterface Add-EC2SecurityGroupToClientVpnTargetNetwork Add-EC2Volume Add-EC2VpnGateway Approve-EC2AddressTransfer Approve-EC2EndpointConnection Approve-EC2ReservedInstancesExchangeQuote Approve-EC2TransitGatewayMulticastDomainAssociation Approve-EC2TransitGatewayPeeringAttachment Approve-EC2TransitGatewayVpcAttachment Approve-EC2VpcPeeringConnection Confirm-EC2ProductInstance Copy-EC2FpgaImage Copy-EC2Image Copy-EC2Snapshot Deny-EC2EndpointConnection Deny-EC2TransitGatewayMulticastDomainAssociation Deny-EC2TransitGatewayPeeringAttachment Deny-EC2TransitGatewayVpcAttachment Deny-EC2VpcPeeringConnection Disable-EC2AddressTransfer Disable-EC2AwsNetworkPerformanceMetricSubscription Disable-EC2EbsEncryptionByDefault Disable-EC2FastLaunch Disable-EC2FastSnapshotRestore Disable-EC2ImageDeprecation Disable-EC2IpamOrganizationAdminAccount Disable-EC2SerialConsoleAccess Disable-EC2TransitGatewayRouteTablePropagation Disable-EC2VgwRoutePropagation Disable-EC2VpcClassicLink Disable-EC2VpcClassicLinkDnsSupport Dismount-EC2ClassicLinkVpc Dismount-EC2InternetGateway Dismount-EC2NetworkInterface Dismount-EC2VerifiedAccessTrustProvider Dismount-EC2Volume Dismount-EC2VpnGateway Edit-EC2AddressAttribute Edit-EC2AvailabilityZoneGroup Edit-EC2CapacityReservation Edit-EC2CapacityReservationFleet Edit-EC2ClientVpnEndpoint Edit-EC2DefaultCreditSpecification Edit-EC2EbsDefaultKmsKeyId Edit-EC2EndpointServicePermission Edit-EC2Fleet Edit-EC2FpgaImageAttribute Edit-EC2Host Edit-EC2IdentityIdFormat Edit-EC2IdFormat Edit-EC2ImageAttribute Edit-EC2InstanceAttribute Edit-EC2InstanceCapacityReservationAttribute Edit-EC2InstanceCreditSpecification Edit-EC2InstanceEventStartTime Edit-EC2InstanceEventWindow Edit-EC2InstanceMaintenanceOption Edit-EC2InstanceMetadataOption Edit-EC2InstancePlacement Edit-EC2Ipam Edit-EC2IpamPool Edit-EC2IpamResourceCidr Edit-EC2IpamResourceDiscovery Edit-EC2IpamScope Edit-EC2LaunchTemplate Edit-EC2LocalGatewayRoute Edit-EC2ManagedPrefixList Edit-EC2NetworkInterfaceAttribute Edit-EC2PrivateDnsNameOption Edit-EC2ReservedInstance Edit-EC2SecurityGroupRule Edit-EC2SnapshotAttribute Edit-EC2SnapshotTier Edit-EC2SpotFleetRequest Edit-EC2SubnetAttribute Edit-EC2TrafficMirrorFilterNetworkService Edit-EC2TrafficMirrorFilterRule Edit-EC2TrafficMirrorSession Edit-EC2TransitGateway Edit-EC2TransitGatewayPrefixListReference Edit-EC2TransitGatewayVpcAttachment Edit-EC2VerifiedAccessEndpoint Edit-EC2VerifiedAccessEndpointPolicy Edit-EC2VerifiedAccessGroup Edit-EC2VerifiedAccessGroupPolicy Edit-EC2VerifiedAccessInstance Edit-EC2VerifiedAccessInstanceLoggingConfiguration Edit-EC2VerifiedAccessTrustProvider Edit-EC2Volume Edit-EC2VolumeAttribute Edit-EC2VpcAttribute Edit-EC2VpcEndpoint Edit-EC2VpcEndpointConnectionNotification Edit-EC2VpcEndpointServiceConfiguration Edit-EC2VpcEndpointServicePayerResponsibility Edit-EC2VpcPeeringConnectionOption Edit-EC2VpcTenancy Edit-EC2VpnConnection Edit-EC2VpnConnectionOption Edit-EC2VpnTunnelCertificate Edit-EC2VpnTunnelOption Enable-EC2AddressTransfer Enable-EC2AwsNetworkPerformanceMetricSubscription Enable-EC2EbsEncryptionByDefault Enable-EC2FastLaunch Enable-EC2FastSnapshotRestore Enable-EC2ImageDeprecation Enable-EC2IpamOrganizationAdminAccount Enable-EC2ReachabilityAnalyzerOrganizationSharing Enable-EC2SerialConsoleAccess Enable-EC2TransitGatewayRouteTablePropagation Enable-EC2VgwRoutePropagation Enable-EC2VolumeIO Enable-EC2VpcClassicLink Enable-EC2VpcClassicLinkDnsSupport Export-EC2ClientVpnClientCertificateRevocationList Export-EC2ClientVpnClientConfiguration Export-EC2Image Export-EC2TransitGatewayRoute Get-EC2AccountAttribute Get-EC2Address Get-EC2AddressesAttribute Get-EC2AddressTransfer Get-EC2AggregateIdFormat Get-EC2AssociatedEnclaveCertificateIamRole Get-EC2AssociatedIpv6PoolCidr Get-EC2AvailabilityZone Get-EC2AwsNetworkPerformanceData Get-EC2AwsNetworkPerformanceMetricSubscription Get-EC2BundleTask Get-EC2ByoipCidr Get-EC2CapacityReservation Get-EC2CapacityReservationFleet Get-EC2CapacityReservationUsage Get-EC2CarrierGateway Get-EC2ClassicLinkInstance Get-EC2ClientVpnAuthorizationRule Get-EC2ClientVpnConnection Get-EC2ClientVpnEndpoint Get-EC2ClientVpnRoute Get-EC2ClientVpnTargetNetwork Get-EC2CoipPool Get-EC2CoipPoolUsage Get-EC2ConsoleOutput Get-EC2ConsoleScreenshot Get-EC2CreditSpecification Get-EC2CustomerGateway Get-EC2DefaultCreditSpecification Get-EC2DhcpOption Get-EC2EbsDefaultKmsKeyId Get-EC2EbsEncryptionByDefault Get-EC2EgressOnlyInternetGatewayList Get-EC2ElasticGpu Get-EC2EndpointConnection Get-EC2EndpointConnectionNotification Get-EC2EndpointServiceConfiguration Get-EC2EndpointServicePermission Get-EC2ExportImageTask Get-EC2ExportTask Get-EC2FastLaunchImage Get-EC2FastSnapshotRestore Get-EC2FleetHistory Get-EC2FleetInstanceList Get-EC2FleetList Get-EC2FlowLog Get-EC2FlowLogsIntegrationTemplate Get-EC2FpgaImage Get-EC2FpgaImageAttribute Get-EC2GroupsForCapacityReservation Get-EC2Host Get-EC2HostReservation Get-EC2HostReservationOffering Get-EC2HostReservationPurchasePreview Get-EC2IamInstanceProfileAssociation Get-EC2IdentityIdFormat Get-EC2IdFormat Get-EC2Image Get-EC2ImageAttribute Get-EC2ImageByName Get-EC2ImagesInRecycleBinList Get-EC2ImportImageTask Get-EC2ImportSnapshotTask Get-EC2Instance Get-EC2InstanceAttribute Get-EC2InstanceEventNotificationAttribute Get-EC2InstanceEventWindow Get-EC2InstanceMetadata Get-EC2InstanceStatus Get-EC2InstanceType Get-EC2InstanceTypeOffering Get-EC2InstanceTypesFromInstanceRequirement Get-EC2InstanceUefiData Get-EC2InternetGateway Get-EC2Ipam Get-EC2IpamAddressHistory Get-EC2IpamDiscoveredAccount Get-EC2IpamDiscoveredResourceCidr Get-EC2IpamPool Get-EC2IpamPoolAllocation Get-EC2IpamPoolCidr Get-EC2IpamResourceCidr Get-EC2IpamResourceDiscovery Get-EC2IpamResourceDiscoveryAssociation Get-EC2IpamScope Get-EC2Ipv6Pool Get-EC2KeyPair Get-EC2LaunchTemplateData Get-EC2LocalGateway Get-EC2LocalGatewayRouteTable Get-EC2LocalGatewayRouteTableVirtualInterfaceGroupAssociation Get-EC2LocalGatewayRouteTableVpcAssociation Get-EC2LocalGatewayVirtualInterface Get-EC2LocalGatewayVirtualInterfaceGroup Get-EC2ManagedPrefixList Get-EC2ManagedPrefixListAssociation Get-EC2ManagedPrefixListEntry Get-EC2MovingAddress Get-EC2NatGateway Get-EC2NetworkAcl Get-EC2NetworkInsightsAccessScope Get-EC2NetworkInsightsAccessScopeAnalysis Get-EC2NetworkInsightsAccessScopeAnalysisFinding Get-EC2NetworkInsightsAccessScopeContent Get-EC2NetworkInsightsAnalysis Get-EC2NetworkInsightsPath Get-EC2NetworkInterface Get-EC2NetworkInterfaceAttribute Get-EC2NetworkInterfacePermission Get-EC2PasswordData Get-EC2PlacementGroup Get-EC2PrefixList Get-EC2PrincipalIdFormat Get-EC2PublicIpv4Pool Get-EC2Region Get-EC2ReplaceRootVolumeTask Get-EC2ReservedInstance Get-EC2ReservedInstancesExchangeQuote Get-EC2ReservedInstancesListing Get-EC2ReservedInstancesModification Get-EC2ReservedInstancesOffering Get-EC2RouteTable Get-EC2ScheduledInstance Get-EC2ScheduledInstanceAvailability Get-EC2SecurityGroup Get-EC2SecurityGroupReference Get-EC2SecurityGroupRule Get-EC2SerialConsoleAccessStatus Get-EC2Snapshot Get-EC2SnapshotAttribute Get-EC2SnapshotsInRecycleBinList Get-EC2SnapshotTierStatus Get-EC2SpotDatafeedSubscription Get-EC2SpotFleetInstance Get-EC2SpotFleetRequest Get-EC2SpotFleetRequestHistory Get-EC2SpotInstanceRequest Get-EC2SpotPlacementScore Get-EC2SpotPriceHistory Get-EC2StaleSecurityGroup Get-EC2StoreImageTask Get-EC2Subnet Get-EC2SubnetCidrReservation Get-EC2Tag Get-EC2Template Get-EC2TemplateVersion Get-EC2TrafficMirrorFilter Get-EC2TrafficMirrorSession Get-EC2TrafficMirrorTarget Get-EC2TransitGateway Get-EC2TransitGatewayAttachment Get-EC2TransitGatewayAttachmentPropagation Get-EC2TransitGatewayConnect Get-EC2TransitGatewayConnectPeer Get-EC2TransitGatewayMulticastDomain Get-EC2TransitGatewayMulticastDomainAssociation Get-EC2TransitGatewayPeeringAttachment Get-EC2TransitGatewayPolicyTable Get-EC2TransitGatewayPolicyTableAssociation Get-EC2TransitGatewayPolicyTableEntry Get-EC2TransitGatewayPrefixListReference Get-EC2TransitGatewayRouteTable Get-EC2TransitGatewayRouteTableAnnouncement Get-EC2TransitGatewayRouteTableAssociation Get-EC2TransitGatewayRouteTablePropagation Get-EC2TransitGatewayVpcAttachment Get-EC2TrunkInterfaceAssociation Get-EC2VerifiedAccessEndpoint Get-EC2VerifiedAccessEndpointPolicy Get-EC2VerifiedAccessGroup Get-EC2VerifiedAccessGroupPolicy Get-EC2VerifiedAccessInstance Get-EC2VerifiedAccessInstanceLoggingConfiguration Get-EC2VerifiedAccessTrustProvider Get-EC2Volume Get-EC2VolumeAttribute Get-EC2VolumeModification Get-EC2VolumeStatus Get-EC2Vpc Get-EC2VpcAttribute Get-EC2VpcClassicLink Get-EC2VpcClassicLinkDnsSupport Get-EC2VpcEndpoint Get-EC2VpcEndpointService Get-EC2VpcPeeringConnection Get-EC2VpnConnection Get-EC2VpnConnectionDeviceSampleConfiguration Get-EC2VpnConnectionDeviceType Get-EC2VpnGateway Get-EC2VpnTunnelReplacementStatus Grant-EC2ClientVpnIngress Grant-EC2SecurityGroupEgress Grant-EC2SecurityGroupIngress Import-EC2ClientVpnClientCertificateRevocationList Import-EC2Image Import-EC2KeyPair Import-EC2Snapshot Mount-EC2VerifiedAccessTrustProvider Move-EC2AddressToVpc Move-EC2ByoipCidrToIpam New-EC2Address New-EC2CapacityReservationFleet New-EC2CarrierGateway New-EC2ClientVpnEndpoint New-EC2ClientVpnRoute New-EC2CoipCidr New-EC2CoipPool New-EC2CustomerGateway New-EC2DefaultSubnet New-EC2DefaultVpc New-EC2DhcpOption New-EC2EgressOnlyInternetGateway New-EC2Fleet New-EC2FlowLog New-EC2FpgaImage New-EC2Host New-EC2HostReservation New-EC2Image New-EC2Instance New-EC2InstanceBundle New-EC2InstanceEventWindow New-EC2InstanceExportTask New-EC2InternetGateway New-EC2Ipam New-EC2IpamPool New-EC2IpamPoolCidr New-EC2IpamResourceDiscovery New-EC2IpamScope New-EC2KeyPair New-EC2LaunchTemplate New-EC2LaunchTemplateVersion New-EC2LocalGatewayRoute New-EC2LocalGatewayRouteTable New-EC2LocalGatewayRouteTableVirtualInterfaceGroupAssociation New-EC2LocalGatewayRouteTableVpcAssociation New-EC2ManagedPrefixList New-EC2NatGateway New-EC2NetworkAcl New-EC2NetworkAclEntry New-EC2NetworkInsightsAccessScope New-EC2NetworkInsightsPath New-EC2NetworkInterface New-EC2NetworkInterfacePermission New-EC2PlacementGroup New-EC2PublicIpv4Pool New-EC2ReplaceRootVolumeTask New-EC2ReservedInstance New-EC2ReservedInstancesListing New-EC2RestoreImageTask New-EC2Route New-EC2RouteTable New-EC2ScheduledInstance New-EC2ScheduledInstancePurchase New-EC2SecurityGroup New-EC2Snapshot New-EC2SnapshotBatch New-EC2SpotDatafeedSubscription New-EC2StoreImageTask New-EC2Subnet New-EC2SubnetCidrReservation New-EC2Tag New-EC2TrafficMirrorFilter New-EC2TrafficMirrorFilterRule New-EC2TrafficMirrorSession New-EC2TrafficMirrorTarget New-EC2TransitGateway New-EC2TransitGatewayConnect New-EC2TransitGatewayConnectPeer New-EC2TransitGatewayMulticastDomain New-EC2TransitGatewayPeeringAttachment New-EC2TransitGatewayPolicyTable New-EC2TransitGatewayPrefixListReference New-EC2TransitGatewayRoute New-EC2TransitGatewayRouteTable New-EC2TransitGatewayRouteTableAnnouncement New-EC2TransitGatewayVpcAttachment New-EC2VerifiedAccessEndpoint New-EC2VerifiedAccessGroup New-EC2VerifiedAccessInstance New-EC2VerifiedAccessTrustProvider New-EC2Volume New-EC2Vpc New-EC2VpcEndpoint New-EC2VpcEndpointConnectionNotification New-EC2VpcEndpointServiceConfiguration New-EC2VpcPeeringConnection New-EC2VpnConnection New-EC2VpnConnectionRoute New-EC2VpnGateway Register-EC2Address Register-EC2ByoipCidr Register-EC2ClientVpnTargetNetwork Register-EC2DhcpOption Register-EC2EnclaveCertificateIamRole Register-EC2IamInstanceProfile Register-EC2Image Register-EC2InstanceEventNotificationAttribute Register-EC2InstanceEventWindow Register-EC2IpamPoolCidr Register-EC2IpamResourceDiscovery Register-EC2Ipv6AddressList Register-EC2NatGatewayAddress Register-EC2PrivateIpAddress Register-EC2PrivateNatGatewayAddress Register-EC2PublicIpv4PoolCidr Register-EC2RouteTable Register-EC2SubnetCidrBlock Register-EC2TransitGatewayMulticastDomain Register-EC2TransitGatewayMulticastGroupMember Register-EC2TransitGatewayMulticastGroupSource Register-EC2TransitGatewayPolicyTable Register-EC2TransitGatewayRouteTable Register-EC2TrunkInterface Register-EC2VpcCidrBlock Remove-EC2Address Remove-EC2CapacityReservation Remove-EC2CarrierGateway Remove-EC2ClientVpnEndpoint Remove-EC2ClientVpnRoute Remove-EC2CoipCidr Remove-EC2CoipPool Remove-EC2CustomerGateway Remove-EC2DhcpOption Remove-EC2EgressOnlyInternetGateway Remove-EC2EndpointConnectionNotification Remove-EC2EndpointServiceConfiguration Remove-EC2Fleet Remove-EC2FlowLog Remove-EC2FpgaImage Remove-EC2Host Remove-EC2Instance Remove-EC2InstanceEventWindow Remove-EC2InternetGateway Remove-EC2Ipam Remove-EC2IpamPool Remove-EC2IpamPoolAllocation Remove-EC2IpamResourceDiscovery Remove-EC2IpamScope Remove-EC2KeyPair Remove-EC2LaunchTemplate Remove-EC2LocalGatewayRoute Remove-EC2LocalGatewayRouteTable Remove-EC2LocalGatewayRouteTableVirtualInterfaceGroupAssociation Remove-EC2LocalGatewayRouteTableVpcAssociation Remove-EC2ManagedPrefixList Remove-EC2NatGateway Remove-EC2NetworkAcl Remove-EC2NetworkAclEntry Remove-EC2NetworkInsightsAccessScope Remove-EC2NetworkInsightsAccessScopeAnalysis Remove-EC2NetworkInsightsAnalysis Remove-EC2NetworkInsightsPath Remove-EC2NetworkInterface Remove-EC2NetworkInterfacePermission Remove-EC2PlacementGroup Remove-EC2PublicIpv4Pool Remove-EC2QueuedReservedInstance Remove-EC2Route Remove-EC2RouteTable Remove-EC2SecurityGroup Remove-EC2Snapshot Remove-EC2SpotDatafeedSubscription Remove-EC2Subnet Remove-EC2SubnetCidrReservation Remove-EC2Tag Remove-EC2TemplateVersion Remove-EC2TrafficMirrorFilter Remove-EC2TrafficMirrorFilterRule Remove-EC2TrafficMirrorSession Remove-EC2TrafficMirrorTarget Remove-EC2TransitGateway Remove-EC2TransitGatewayConnect Remove-EC2TransitGatewayConnectPeer Remove-EC2TransitGatewayMulticastDomain Remove-EC2TransitGatewayPeeringAttachment Remove-EC2TransitGatewayPolicyTable Remove-EC2TransitGatewayPrefixListReference Remove-EC2TransitGatewayRoute Remove-EC2TransitGatewayRouteTable Remove-EC2TransitGatewayRouteTableAnnouncement Remove-EC2TransitGatewayVpcAttachment Remove-EC2VerifiedAccessEndpoint Remove-EC2VerifiedAccessGroup Remove-EC2VerifiedAccessInstance Remove-EC2VerifiedAccessTrustProvider Remove-EC2Volume Remove-EC2Vpc Remove-EC2VpcEndpoint Remove-EC2VpcPeeringConnection Remove-EC2VpnConnection Remove-EC2VpnConnectionRoute Remove-EC2VpnGateway Request-EC2SpotFleet Request-EC2SpotInstance Reset-EC2AddressAttribute Reset-EC2EbsDefaultKmsKeyId Reset-EC2FpgaImageAttribute Reset-EC2ImageAttribute Reset-EC2InstanceAttribute Reset-EC2NetworkInterfaceAttribute Reset-EC2SnapshotAttribute Restart-EC2Instance Restore-EC2AddressToClassic Restore-EC2ImageFromRecycleBin Restore-EC2ManagedPrefixListVersion Restore-EC2SnapshotFromRecycleBin Restore-EC2SnapshotTier Revoke-EC2ClientVpnIngress Revoke-EC2SecurityGroupEgress Revoke-EC2SecurityGroupIngress Search-EC2LocalGatewayRoute Search-EC2TransitGatewayMulticastGroup Search-EC2TransitGatewayRoute Send-EC2DiagnosticInterrupt Send-EC2InstanceStatus Set-EC2IamInstanceProfileAssociation Set-EC2NetworkAclAssociation Set-EC2NetworkAclEntry Set-EC2Route Set-EC2RouteTableAssociation Set-EC2TransitGatewayRoute Set-EC2VpnTunnel Start-EC2ByoipCidrAdvertisement Start-EC2Instance Start-EC2InstanceMonitoring Start-EC2NetworkInsightsAccessScopeAnalysis Start-EC2NetworkInsightsAnalysis Start-EC2VpcEndpointServicePrivateDnsVerification Stop-EC2BundleTask Stop-EC2ByoipCidrAdvertisement Stop-EC2CapacityReservationFleet Stop-EC2ClientVpnConnection Stop-EC2ExportTask Stop-EC2ImageLaunchPermission Stop-EC2ImportTask Stop-EC2Instance Stop-EC2InstanceMonitoring Stop-EC2ReservedInstancesListing Stop-EC2SpotFleetRequest Stop-EC2SpotInstanceRequest Unregister-EC2Address Unregister-EC2ByoipCidr Unregister-EC2ClientVpnTargetNetwork Unregister-EC2EnclaveCertificateIamRole Unregister-EC2IamInstanceProfile Unregister-EC2Image Unregister-EC2InstanceEventNotificationAttribute Unregister-EC2InstanceEventWindow Unregister-EC2IpamPoolCidr Unregister-EC2IpamResourceDiscovery Unregister-EC2Ipv6AddressList Unregister-EC2NatGatewayAddress Unregister-EC2PrivateIpAddress Unregister-EC2PrivateNatGatewayAddress Unregister-EC2PublicIpv4PoolCidr Unregister-EC2RouteTable Unregister-EC2SubnetCidrBlock Unregister-EC2TransitGatewayMulticastDomain Unregister-EC2TransitGatewayMulticastGroupMember Unregister-EC2TransitGatewayMulticastGroupSource Unregister-EC2TransitGatewayPolicyTable Unregister-EC2TransitGatewayRouteTable Unregister-EC2TrunkInterface Unregister-EC2VpcCidrBlock Update-EC2SecurityGroupRuleEgressDescription Update-EC2SecurityGroupRuleIngressDescription</S>
          <S N="GUID">beb2445c-fd90-4fda-adf1-f8c955ce16dc</S>
          <S N="PowerShellVersion">5.1</S>
          <S N="DotNetFrameworkVersion">4.7.2</S>
          <S N="CompanyName">Amazon.com, Inc</S>
        </MS>
      </Obj>
      <S N="InstalledLocation">C:\Users\User\AppData\Local\Temp\vpc-stack-helper\Modules\AWS.Tools.EC2\4.1.320</S>
    </MS>
  </Obj>
</Objs>
